{"stat.useItem.130":1,"stat.useItem.146":1,"stat.useItem.173":43,"stat.killEntity.Sheep":2,"stat.useItem.3":706,"stat.useItem.351":4,"achievement.exploreAllBiomes":{"value":0,"progress":["Deep Ocean","Ocean","Plains","Beach","Savanna","River","Savanna Plateau","ForestHills"]},"stat.useItem.324":8,"stat.useItem.24":20,"stat.useItem.126":20,"stat.useItem.72":2,"stat.useItem.89":95,"stat.useItem.46":30,"achievement.openInventory":250,"stat.useItem.361":9,"stat.damageDealt":210,"stat.useItem.97":316,"stat.useItem.96":7,"stat.useItem.50":4,"stat.useItem.323":67,"stat.useItem.5":688,"stat.useItem.293":80,"stat.flyOneCm":686621,"stat.useItem.321":3,"stat.useItem.160":79,"stat.useItem.152":1,"stat.useItem.69":37,"stat.useItem.95":10,"stat.useItem.38":1,"stat.drop":18,"stat.damageTaken":2040,"stat.useItem.135":51,"stat.useItem.47":3,"stat.useItem.4":14,"stat.useItem.76":35,"stat.useItem.29":3,"stat.useItem.392":11,"stat.diveOneCm":2430,"stat.useItem.6":1,"stat.useItem.356":4,"stat.useItem.391":10,"stat.useItem.54":19,"stat.useItem.159":736,"stat.useItem.295":1,"stat.useItem.17":39,"stat.useItem.134":18,"stat.useItem.362":4,"stat.useItem.85":318,"stat.playOneMinute":1118441,"stat.useItem.123":26,"stat.deaths":1,"stat.jump":388,"stat.swimOneCm":9505,"stat.useItem.20":49,"stat.useItem.331":58,"stat.mobKills":2,"stat.useItem.12":359,"stat.useItem.397":5,"stat.useItem.98":299,"stat.walkOneCm":825475,"stat.useItem.77":1}